<?xml version="1.0" encoding="UTF-8"?>
<root>
  <item name="com.jaredrummler.android.widget.AnimatedSvgView int getState()">
    <annotation name="android.support.annotation.IntDef">
      <val name="value" val="{com.jaredrummler.android.widget.AnimatedSvgView.STATE_NOT_STARTED, com.jaredrummler.android.widget.AnimatedSvgView.STATE_TRACE_STARTED, com.jaredrummler.android.widget.AnimatedSvgView.STATE_FILL_STARTED, com.jaredrummler.android.widget.AnimatedSvgView.STATE_FINISHED}" />
    </annotation>
  </item>
  <item name="com.jaredrummler.android.widget.AnimatedSvgView void changeState(int) 0">
    <annotation name="android.support.annotation.IntDef">
      <val name="value" val="{com.jaredrummler.android.widget.AnimatedSvgView.STATE_NOT_STARTED, com.jaredrummler.android.widget.AnimatedSvgView.STATE_TRACE_STARTED, com.jaredrummler.android.widget.AnimatedSvgView.STATE_FILL_STARTED, com.jaredrummler.android.widget.AnimatedSvgView.STATE_FINISHED}" />
    </annotation>
  </item>
  <item name="com.jaredrummler.android.widget.AnimatedSvgView.OnStateChangeListener void onStateChange(int) 0">
    <annotation name="android.support.annotation.IntDef">
      <val name="value" val="{com.jaredrummler.android.widget.AnimatedSvgView.STATE_NOT_STARTED, com.jaredrummler.android.widget.AnimatedSvgView.STATE_TRACE_STARTED, com.jaredrummler.android.widget.AnimatedSvgView.STATE_FILL_STARTED, com.jaredrummler.android.widget.AnimatedSvgView.STATE_FINISHED}" />
    </annotation>
  </item>
  <item name="com.jaredrummler.android.widget.AnimatedSvgView.State">
    <annotation name="android.support.annotation.IntDef">
      <val name="value" val="{com.jaredrummler.android.widget.AnimatedSvgView.STATE_NOT_STARTED, com.jaredrummler.android.widget.AnimatedSvgView.STATE_TRACE_STARTED, com.jaredrummler.android.widget.AnimatedSvgView.STATE_FILL_STARTED, com.jaredrummler.android.widget.AnimatedSvgView.STATE_FINISHED}" />
    </annotation>
  </item>
</root>

